# Build 1 evidence — Icicle Kit (Libero 2025.2, MPFS250T_ES), board-less
# repo polarfire-soc/icicle-kit-reference-design @ fd0aebb95776 ; commit-pinned
# flow rc: OPEN=0 SYNTHESIZE=0 PLACEROUTE=0 VERIFYTIMING=0 GENERATEPROGRAMMINGDATA=0
sha256,bytes,artifact
27124B60B9EE93523DA66931751C06FC32C89DE3B71A64A847E59267AF5BE6A3,12126756,build1_icicle.job
9BB49D2B7B8AA19A12640F9F3803A5747C664AEDB6CDA962FEF4074FF0CD4344,1552128,synthesis\BASE_DESIGN_ES_FD0AEBB95776A72.srr
291E36116FDF244BF7378F14211CCED810F6F9B32FA4D3833B655A7BF905CE9D,3326092,designer\BASE_DESIGN_ES_FD0AEBB95776A72\BASE_DESIGN_ES_FD0AEBB95776A72.map
E8D27FBC483150019E3AB1EAD392FFE7B362DEB3B82C1A5A1432FD3C1AE1ECE4,113485,designer\BASE_DESIGN_ES_FD0AEBB95776A72\BASE_DESIGN_ES_FD0AEBB95776A72_max_timing_multi_corner.xml
7D48DCB443ABE48C2C9A3F12D42A2D7303BF1391977B79D71B108CA16C7F1372,18743,designer\BASE_DESIGN_ES_FD0AEBB95776A72\BASE_DESIGN_ES_FD0AEBB95776A72_compile_netlist_resources.rpt
CB211E7B1EBE3630D9C2796C2C1CFC3EFC520AD267D62DD1F9D87D42CB7E5C1B,346,libero_setup_info.txt
